,#AlleleID,Name,Type,GeneID,GeneSymbol,HGNC_ID,ClinicalSignificance
0,25402,NM_000402.4(G6PD):c.1093G>A (p.Ala365Thr),single nucleotide variant,2539,G6PD,HGNC:4057,Pathogenic
1,25402,NM_000402.4(G6PD):c.1093G>A (p.Ala365Thr),single nucleotide variant,2539,G6PD,HGNC:4057,Pathogenic
2,25409,NM_000402.4(G6PD):c.1268G>A (p.Arg423His),single nucleotide variant,2539,G6PD,HGNC:4057,Pathogenic
3,25409,NM_000402.4(G6PD):c.1268G>A (p.Arg423His),single nucleotide variant,2539,G6PD,HGNC:4057,Pathogenic
4,25412,NM_000402.4(G6PD):c.738T>G (p.Phe246Leu),single nucleotide variant,2539,G6PD,HGNC:4057,Likely pathogenic
5,25412,NM_000402.4(G6PD):c.738T>G (p.Phe246Leu),single nucleotide variant,2539,G6PD,HGNC:4057,Likely pathogenic
6,25415,NM_000402.4(G6PD):c.1250G>A (p.Arg417His),single nucleotide variant,2539,G6PD,HGNC:4057,Pathogenic
7,25415,NM_000402.4(G6PD):c.1250G>A (p.Arg417His),single nucleotide variant,2539,G6PD,HGNC:4057,Pathogenic
8,25416,NM_000402.4(G6PD):c.1243T>C (p.Cys415Arg),single nucleotide variant,2539,G6PD,HGNC:4057,Pathogenic
9,25416,NM_000402.4(G6PD):c.1243T>C (p.Cys415Arg),single nucleotide variant,2539,G6PD,HGNC:4057,Pathogenic
10,25419,NM_000402.4(G6PD):c.1466G>T (p.Arg489Leu),single nucleotide variant,2539,G6PD,HGNC:4057,Pathogenic
11,25419,NM_000402.4(G6PD):c.1466G>T (p.Arg489Leu),single nucleotide variant,2539,G6PD,HGNC:4057,Pathogenic
12,25424,NM_000402.4(G6PD):c.1147C>T (p.Pro383Ser),single nucleotide variant,2539,G6PD,HGNC:4057,Pathogenic
13,25424,NM_000402.4(G6PD):c.1147C>T (p.Pro383Ser),single nucleotide variant,2539,G6PD,HGNC:4057,Pathogenic
14,25426,NM_001360016.2(G6PD):c.680G>T (p.Arg227Leu),single nucleotide variant,2539,G6PD,HGNC:4057,Pathogenic
15,25426,NM_001360016.2(G6PD):c.680G>T (p.Arg227Leu),single nucleotide variant,2539,G6PD,HGNC:4057,Pathogenic
16,25428,NM_000402.4(G6PD):c.1478G>A (p.Arg493His),single nucleotide variant,2539,G6PD,HGNC:4057,Pathogenic
17,25428,NM_000402.4(G6PD):c.1478G>A (p.Arg493His),single nucleotide variant,2539,G6PD,HGNC:4057,Pathogenic
18,25429,NM_000402.4(G6PD):c.1179C>A (p.Asn393Lys),single nucleotide variant,2539,G6PD,HGNC:4057,Likely pathogenic
19,25429,NM_000402.4(G6PD):c.1179C>A (p.Asn393Lys),single nucleotide variant,2539,G6PD,HGNC:4057,Likely pathogenic
20,25430,NM_000402.4(G6PD):c.682C>T (p.Arg228Cys),single nucleotide variant,2539,G6PD,HGNC:4057,Pathogenic
21,25430,NM_000402.4(G6PD):c.682C>T (p.Arg228Cys),single nucleotide variant,2539,G6PD,HGNC:4057,Pathogenic
22,25433,NM_000402.4(G6PD):c.683G>C (p.Arg228Pro),single nucleotide variant,2539,G6PD,HGNC:4057,Likely pathogenic
23,25433,NM_000402.4(G6PD):c.683G>C (p.Arg228Pro),single nucleotide variant,2539,G6PD,HGNC:4057,Likely pathogenic
24,25435,NM_000402.4(G6PD):c.1249C>T (p.Arg417Cys),single nucleotide variant,2539,G6PD,HGNC:4057,Pathogenic
25,25435,NM_000402.4(G6PD):c.1249C>T (p.Arg417Cys),single nucleotide variant,2539,G6PD,HGNC:4057,Pathogenic
26,25436,NM_000402.4(G6PD):c.1270G>C (p.Val424Leu),single nucleotide variant,2539,G6PD,HGNC:4057,Likely pathogenic
27,25436,NM_000402.4(G6PD):c.1270G>C (p.Val424Leu),single nucleotide variant,2539,G6PD,HGNC:4057,Likely pathogenic
28,25437,NM_000402.4(G6PD):c.1319G>A (p.Gly440Asp),single nucleotide variant,2539,G6PD,HGNC:4057,Pathogenic
29,25437,NM_000402.4(G6PD):c.1319G>A (p.Gly440Asp),single nucleotide variant,2539,G6PD,HGNC:4057,Pathogenic
30,25446,NM_000402.4(G6PD):c.607T>C (p.Phe203Leu),single nucleotide variant,2539,G6PD,HGNC:4057,Pathogenic
31,25446,NM_000402.4(G6PD):c.607T>C (p.Phe203Leu),single nucleotide variant,2539,G6PD,HGNC:4057,Pathogenic
32,25448,NM_000402.4(G6PD):c.1490C>G (p.Pro497Arg),single nucleotide variant,2539,G6PD,HGNC:4057,Likely pathogenic
33,25448,NM_000402.4(G6PD):c.1490C>G (p.Pro497Arg),single nucleotide variant,2539,G6PD,HGNC:4057,Likely pathogenic
34,25449,NM_000402.4(G6PD):c.1172C>T (p.Ala391Val),single nucleotide variant,2539,G6PD,HGNC:4057,Likely pathogenic
35,25449,NM_000402.4(G6PD):c.1172C>T (p.Ala391Val),single nucleotide variant,2539,G6PD,HGNC:4057,Likely pathogenic
36,25451,NM_000402.4(G6PD):c.896G>A (p.Cys299Tyr),single nucleotide variant,2539,G6PD,HGNC:4057,Likely pathogenic
37,25451,NM_000402.4(G6PD):c.896G>A (p.Cys299Tyr),single nucleotide variant,2539,G6PD,HGNC:4057,Likely pathogenic
38,25453,NM_000402.4(G6PD):c.1054T>C (p.Tyr352His),single nucleotide variant,2539,G6PD,HGNC:4057,Likely pathogenic
39,25453,NM_000402.4(G6PD):c.1054T>C (p.Tyr352His),single nucleotide variant,2539,G6PD,HGNC:4057,Likely pathogenic
40,25459,G6PD ZURICH,single nucleotide variant,2539,G6PD,HGNC:4057,Pathogenic
41,25459,G6PD ZURICH,single nucleotide variant,2539,G6PD,HGNC:4057,Pathogenic
42,25461,NM_000402.4(G6PD):c.1466G>C (p.Arg489Pro),single nucleotide variant,2539,G6PD,HGNC:4057,Pathogenic
43,25461,NM_000402.4(G6PD):c.1466G>C (p.Arg489Pro),single nucleotide variant,2539,G6PD,HGNC:4057,Pathogenic
44,99398,NM_001360016.2(G6PD):c.1360C>T (p.Arg454Cys),single nucleotide variant,2539,G6PD,HGNC:4057,Pathogenic
45,99398,NM_001360016.2(G6PD):c.1360C>T (p.Arg454Cys),single nucleotide variant,2539,G6PD,HGNC:4057,Pathogenic
46,535268,NM_001360016.2(G6PD):c.448G>A (p.Val150Ile),single nucleotide variant,2539,G6PD,HGNC:4057,Likely pathogenic
47,535268,NM_001360016.2(G6PD):c.448G>A (p.Val150Ile),single nucleotide variant,2539,G6PD,HGNC:4057,Likely pathogenic
48,792172,NM_001360016.2(G6PD):c.1378G>T (p.Glu460Ter),single nucleotide variant,2539,G6PD,HGNC:4057,Pathogenic
49,792172,NM_001360016.2(G6PD):c.1378G>T (p.Glu460Ter),single nucleotide variant,2539,G6PD,HGNC:4057,Pathogenic
50,800260,NM_001360016.2(G6PD):c.1465C>T (p.Pro489Ser),single nucleotide variant,2539,G6PD,HGNC:4057,Pathogenic
51,800260,NM_001360016.2(G6PD):c.1465C>T (p.Pro489Ser),single nucleotide variant,2539,G6PD,HGNC:4057,Pathogenic
52,849843,NM_001360016.2(G6PD):c.404A>C (p.Asn135Thr),single nucleotide variant,2539,G6PD,HGNC:4057,Pathogenic
53,849843,NM_001360016.2(G6PD):c.404A>C (p.Asn135Thr),single nucleotide variant,2539,G6PD,HGNC:4057,Pathogenic
54,1056747,NM_001360016.2(G6PD):c.1177C>T (p.Arg393Cys),single nucleotide variant,2539,G6PD,HGNC:4057,Likely pathogenic
55,1056747,NM_001360016.2(G6PD):c.1177C>T (p.Arg393Cys),single nucleotide variant,2539,G6PD,HGNC:4057,Likely pathogenic
56,1087246,NM_001360016.2(G6PD):c.353A>C (p.Tyr118Ser),single nucleotide variant,2539,G6PD,HGNC:4057,Likely pathogenic
57,1087246,NM_001360016.2(G6PD):c.353A>C (p.Tyr118Ser),single nucleotide variant,2539,G6PD,HGNC:4057,Likely pathogenic
58,1087247,NM_001360016.2(G6PD):c.235G>C (p.Asp79His),single nucleotide variant,2539,G6PD,HGNC:4057,Likely pathogenic
59,1087247,NM_001360016.2(G6PD):c.235G>C (p.Asp79His),single nucleotide variant,2539,G6PD,HGNC:4057,Likely pathogenic
60,1152976,NM_001360016.2(G6PD):c.611G>A (p.Gly204Asp),single nucleotide variant,2539,G6PD,HGNC:4057,Likely pathogenic
61,1152976,NM_001360016.2(G6PD):c.611G>A (p.Gly204Asp),single nucleotide variant,2539,G6PD,HGNC:4057,Likely pathogenic
62,1189071,NM_001360016.2(G6PD):c.1361G>C (p.Arg454Pro),single nucleotide variant,2539,G6PD,HGNC:4057,Pathogenic
63,1189071,NM_001360016.2(G6PD):c.1361G>C (p.Arg454Pro),single nucleotide variant,2539,G6PD,HGNC:4057,Pathogenic
64,1196413,NM_001360016.2(G6PD):c.1315C>T (p.Arg439Cys),single nucleotide variant,2539,G6PD,HGNC:4057,Likely pathogenic
65,1196413,NM_001360016.2(G6PD):c.1315C>T (p.Arg439Cys),single nucleotide variant,2539,G6PD,HGNC:4057,Likely pathogenic
66,1320830,NM_001360016.2(G6PD):c.551C>T (p.Ser184Phe),single nucleotide variant,2539,G6PD,HGNC:4057,Pathogenic
67,1320830,NM_001360016.2(G6PD):c.551C>T (p.Ser184Phe),single nucleotide variant,2539,G6PD,HGNC:4057,Pathogenic
68,1375701,NM_001360016.2(G6PD):c.1375C>T (p.Arg459Cys),single nucleotide variant,2539,G6PD,HGNC:4057,Likely pathogenic
69,1375701,NM_001360016.2(G6PD):c.1375C>T (p.Arg459Cys),single nucleotide variant,2539,G6PD,HGNC:4057,Likely pathogenic
70,1677341,NM_001360016.2(G6PD):c.1366G>A (p.Asp456Asn),single nucleotide variant,2539,G6PD,HGNC:4057,Likely pathogenic
71,1677341,NM_001360016.2(G6PD):c.1366G>A (p.Asp456Asn),single nucleotide variant,2539,G6PD,HGNC:4057,Likely pathogenic
72,1677844,NM_001360016.2(G6PD):c.1143C>G (p.Phe381Leu),single nucleotide variant,2539,G6PD,HGNC:4057,Pathogenic
73,1677844,NM_001360016.2(G6PD):c.1143C>G (p.Phe381Leu),single nucleotide variant,2539,G6PD,HGNC:4057,Pathogenic
74,1677846,NM_001360016.2(G6PD):c.323T>A (p.Val108Glu),single nucleotide variant,2539,G6PD,HGNC:4057,Pathogenic
75,1677846,NM_001360016.2(G6PD):c.323T>A (p.Val108Glu),single nucleotide variant,2539,G6PD,HGNC:4057,Pathogenic
76,1780106,NM_001360016.2(G6PD):c.825G>C (p.Lys275Asn),single nucleotide variant,2539,G6PD,HGNC:4057,Likely pathogenic
77,1780106,NM_001360016.2(G6PD):c.825G>C (p.Lys275Asn),single nucleotide variant,2539,G6PD,HGNC:4057,Likely pathogenic
78,1780107,NM_001360016.2(G6PD):c.826C>T (p.Pro276Ser),single nucleotide variant,2539,G6PD,HGNC:4057,Likely pathogenic
79,1780107,NM_001360016.2(G6PD):c.826C>T (p.Pro276Ser),single nucleotide variant,2539,G6PD,HGNC:4057,Likely pathogenic
80,1780108,NM_001360016.2(G6PD):c.832T>C (p.Ser278Pro),single nucleotide variant,2539,G6PD,HGNC:4057,Likely pathogenic
81,1780108,NM_001360016.2(G6PD):c.832T>C (p.Ser278Pro),single nucleotide variant,2539,G6PD,HGNC:4057,Likely pathogenic
82,1780109,NM_001360016.2(G6PD):c.833C>T (p.Ser278Phe),single nucleotide variant,2539,G6PD,HGNC:4057,Likely pathogenic
83,1780109,NM_001360016.2(G6PD):c.833C>T (p.Ser278Phe),single nucleotide variant,2539,G6PD,HGNC:4057,Likely pathogenic
84,1780110,NM_001360016.2(G6PD):c.835A>G (p.Thr279Ala),single nucleotide variant,2539,G6PD,HGNC:4057,Likely pathogenic
85,1780110,NM_001360016.2(G6PD):c.835A>G (p.Thr279Ala),single nucleotide variant,2539,G6PD,HGNC:4057,Likely pathogenic
86,1780111,NM_001360016.2(G6PD):c.844G>T (p.Asp282Tyr),single nucleotide variant,2539,G6PD,HGNC:4057,Likely pathogenic
87,1780111,NM_001360016.2(G6PD):c.844G>T (p.Asp282Tyr),single nucleotide variant,2539,G6PD,HGNC:4057,Likely pathogenic
88,1780112,NM_001360016.2(G6PD):c.851T>C (p.Val284Ala),single nucleotide variant,2539,G6PD,HGNC:4057,Likely pathogenic
89,1780112,NM_001360016.2(G6PD):c.851T>C (p.Val284Ala),single nucleotide variant,2539,G6PD,HGNC:4057,Likely pathogenic
90,1780113,NM_001360016.2(G6PD):c.853C>T (p.Arg285Cys),single nucleotide variant,2539,G6PD,HGNC:4057,Likely pathogenic
91,1780113,NM_001360016.2(G6PD):c.853C>T (p.Arg285Cys),single nucleotide variant,2539,G6PD,HGNC:4057,Likely pathogenic
92,1780114,NM_001360016.2(G6PD):c.864+43G>A,single nucleotide variant,2539,G6PD,HGNC:4057,Likely pathogenic
93,1780114,NM_001360016.2(G6PD):c.864+43G>A,single nucleotide variant,2539,G6PD,HGNC:4057,Likely pathogenic
94,1780116,NM_001360016.2(G6PD):c.910G>T (p.Val304Phe),single nucleotide variant,2539,G6PD,HGNC:4057,Likely pathogenic
95,1780116,NM_001360016.2(G6PD):c.910G>T (p.Val304Phe),single nucleotide variant,2539,G6PD,HGNC:4057,Likely pathogenic
96,1780117,NM_001360016.2(G6PD):c.920A>C (p.Gln307Pro),single nucleotide variant,2539,G6PD,HGNC:4057,Likely pathogenic
97,1780117,NM_001360016.2(G6PD):c.920A>C (p.Gln307Pro),single nucleotide variant,2539,G6PD,HGNC:4057,Likely pathogenic
98,1780118,NM_001360016.2(G6PD):c.921G>C (p.Gln307His),single nucleotide variant,2539,G6PD,HGNC:4057,Likely pathogenic
99,1780118,NM_001360016.2(G6PD):c.921G>C (p.Gln307His),single nucleotide variant,2539,G6PD,HGNC:4057,Likely pathogenic
100,1780119,NM_001360016.2(G6PD):c.962G>A (p.Gly321Glu),single nucleotide variant,2539,G6PD,HGNC:4057,Likely pathogenic
101,1780119,NM_001360016.2(G6PD):c.962G>A (p.Gly321Glu),single nucleotide variant,2539,G6PD,HGNC:4057,Likely pathogenic
102,1780120,NM_001360016.2(G6PD):c.995C>T (p.Ser332Phe),single nucleotide variant,2539,G6PD,HGNC:4057,Likely pathogenic
103,1780120,NM_001360016.2(G6PD):c.995C>T (p.Ser332Phe),single nucleotide variant,2539,G6PD,HGNC:4057,Likely pathogenic
104,1780121,NM_001360016.2(G6PD):c.1006A>G (p.Thr336Ala),single nucleotide variant,2539,G6PD,HGNC:4057,Likely pathogenic
105,1780121,NM_001360016.2(G6PD):c.1006A>G (p.Thr336Ala),single nucleotide variant,2539,G6PD,HGNC:4057,Likely pathogenic
106,1780122,NM_001360016.2(G6PD):c.1030G>A (p.Val344Met),single nucleotide variant,2539,G6PD,HGNC:4057,Likely pathogenic
107,1780122,NM_001360016.2(G6PD):c.1030G>A (p.Val344Met),single nucleotide variant,2539,G6PD,HGNC:4057,Likely pathogenic
108,1780123,NM_001360016.2(G6PD):c.1052G>T (p.Gly351Val),single nucleotide variant,2539,G6PD,HGNC:4057,Likely pathogenic
109,1780123,NM_001360016.2(G6PD):c.1052G>T (p.Gly351Val),single nucleotide variant,2539,G6PD,HGNC:4057,Likely pathogenic
110,1780124,NM_001360016.2(G6PD):c.1063A>G (p.Ile355Val),single nucleotide variant,2539,G6PD,HGNC:4057,Likely pathogenic
111,1780124,NM_001360016.2(G6PD):c.1063A>G (p.Ile355Val),single nucleotide variant,2539,G6PD,HGNC:4057,Likely pathogenic
112,1780125,NM_001360016.2(G6PD):c.1067T>A (p.Leu356Gln),single nucleotide variant,2539,G6PD,HGNC:4057,Likely pathogenic
113,1780125,NM_001360016.2(G6PD):c.1067T>A (p.Leu356Gln),single nucleotide variant,2539,G6PD,HGNC:4057,Likely pathogenic
114,1780126,NM_001360016.2(G6PD):c.1081G>A (p.Ala361Thr),single nucleotide variant,2539,G6PD,HGNC:4057,Likely pathogenic
115,1780126,NM_001360016.2(G6PD):c.1081G>A (p.Ala361Thr),single nucleotide variant,2539,G6PD,HGNC:4057,Likely pathogenic
116,1780128,NM_001360016.2(G6PD):c.1094G>A (p.Arg365His),single nucleotide variant,2539,G6PD,HGNC:4057,Likely pathogenic
117,1780128,NM_001360016.2(G6PD):c.1094G>A (p.Arg365His),single nucleotide variant,2539,G6PD,HGNC:4057,Likely pathogenic
118,1780131,NM_001360016.2(G6PD):c.1141T>C (p.Phe381Leu),single nucleotide variant,2539,G6PD,HGNC:4057,Likely pathogenic
119,1780131,NM_001360016.2(G6PD):c.1141T>C (p.Phe381Leu),single nucleotide variant,2539,G6PD,HGNC:4057,Likely pathogenic
120,1780132,NM_001360016.2(G6PD):c.1154G>T (p.Cys385Phe),single nucleotide variant,2539,G6PD,HGNC:4057,Likely pathogenic
121,1780132,NM_001360016.2(G6PD):c.1154G>T (p.Cys385Phe),single nucleotide variant,2539,G6PD,HGNC:4057,Likely pathogenic
122,1780133,NM_001360016.2(G6PD):c.1166A>G (p.Glu389Gly),single nucleotide variant,2539,G6PD,HGNC:4057,Likely pathogenic
123,1780133,NM_001360016.2(G6PD):c.1166A>G (p.Glu389Gly),single nucleotide variant,2539,G6PD,HGNC:4057,Likely pathogenic
124,1780134,NM_001360016.2(G6PD):c.1175T>C (p.Ile392Thr),single nucleotide variant,2539,G6PD,HGNC:4057,Likely pathogenic
125,1780134,NM_001360016.2(G6PD):c.1175T>C (p.Ile392Thr),single nucleotide variant,2539,G6PD,HGNC:4057,Likely pathogenic
126,1780135,NM_001360016.2(G6PD):c.1193A>G (p.Glu398Gly),single nucleotide variant,2539,G6PD,HGNC:4057,Likely pathogenic
127,1780135,NM_001360016.2(G6PD):c.1193A>G (p.Glu398Gly),single nucleotide variant,2539,G6PD,HGNC:4057,Likely pathogenic
128,1780136,NM_001360016.2(G6PD):c.1229G>C (p.Gly410Ala),single nucleotide variant,2539,G6PD,HGNC:4057,Likely pathogenic
129,1780136,NM_001360016.2(G6PD):c.1229G>C (p.Gly410Ala),single nucleotide variant,2539,G6PD,HGNC:4057,Likely pathogenic
130,1780139,NM_001360016.2(G6PD):c.1340G>T (p.Gly447Val),single nucleotide variant,2539,G6PD,HGNC:4057,Likely pathogenic
131,1780139,NM_001360016.2(G6PD):c.1340G>T (p.Gly447Val),single nucleotide variant,2539,G6PD,HGNC:4057,Likely pathogenic
132,1780140,NM_001360016.2(G6PD):c.1342A>G (p.Ser448Gly),single nucleotide variant,2539,G6PD,HGNC:4057,Likely pathogenic
133,1780140,NM_001360016.2(G6PD):c.1342A>G (p.Ser448Gly),single nucleotide variant,2539,G6PD,HGNC:4057,Likely pathogenic
134,1780141,NM_001360016.2(G6PD):c.1351C>T (p.His451Tyr),single nucleotide variant,2539,G6PD,HGNC:4057,Likely pathogenic
135,1780141,NM_001360016.2(G6PD):c.1351C>T (p.His451Tyr),single nucleotide variant,2539,G6PD,HGNC:4057,Likely pathogenic
136,1780142,NM_001360016.2(G6PD):c.1358T>A (p.Val453Glu),single nucleotide variant,2539,G6PD,HGNC:4057,Likely pathogenic
137,1780142,NM_001360016.2(G6PD):c.1358T>A (p.Val453Glu),single nucleotide variant,2539,G6PD,HGNC:4057,Likely pathogenic
138,1780143,NM_001360016.2(G6PD):c.1361G>T (p.Arg454Leu),single nucleotide variant,2539,G6PD,HGNC:4057,Likely pathogenic
139,1780143,NM_001360016.2(G6PD):c.1361G>T (p.Arg454Leu),single nucleotide variant,2539,G6PD,HGNC:4057,Likely pathogenic
140,1780144,NM_001360016.2(G6PD):c.1366G>C (p.Asp456His),single nucleotide variant,2539,G6PD,HGNC:4057,Likely pathogenic
141,1780144,NM_001360016.2(G6PD):c.1366G>C (p.Asp456His),single nucleotide variant,2539,G6PD,HGNC:4057,Likely pathogenic
142,1780145,NM_001360016.2(G6PD):c.1367A>T (p.Asp456Val),single nucleotide variant,2539,G6PD,HGNC:4057,Likely pathogenic
143,1780145,NM_001360016.2(G6PD):c.1367A>T (p.Asp456Val),single nucleotide variant,2539,G6PD,HGNC:4057,Likely pathogenic
144,1780146,NM_001360016.2(G6PD):c.1372C>T (p.Leu458Phe),single nucleotide variant,2539,G6PD,HGNC:4057,Likely pathogenic
145,1780146,NM_001360016.2(G6PD):c.1372C>T (p.Leu458Phe),single nucleotide variant,2539,G6PD,HGNC:4057,Likely pathogenic
146,1780147,NM_001360016.2(G6PD):c.1375C>G (p.Arg459Gly),single nucleotide variant,2539,G6PD,HGNC:4057,Likely pathogenic
147,1780147,NM_001360016.2(G6PD):c.1375C>G (p.Arg459Gly),single nucleotide variant,2539,G6PD,HGNC:4057,Likely pathogenic
148,1780148,NM_001360016.2(G6PD):c.1380G>C (p.Glu460Asp),single nucleotide variant,2539,G6PD,HGNC:4057,Likely pathogenic
149,1780148,NM_001360016.2(G6PD):c.1380G>C (p.Glu460Asp),single nucleotide variant,2539,G6PD,HGNC:4057,Likely pathogenic
150,1780149,NM_001360016.2(G6PD):c.1381G>A (p.Ala461Thr),single nucleotide variant,2539,G6PD,HGNC:4057,Likely pathogenic
151,1780149,NM_001360016.2(G6PD):c.1381G>A (p.Ala461Thr),single nucleotide variant,2539,G6PD,HGNC:4057,Likely pathogenic
152,1780150,NM_001360016.2(G6PD):c.1387C>A (p.Arg463Ser),single nucleotide variant,2539,G6PD,HGNC:4057,Likely pathogenic
153,1780150,NM_001360016.2(G6PD):c.1387C>A (p.Arg463Ser),single nucleotide variant,2539,G6PD,HGNC:4057,Likely pathogenic
154,1780154,NM_001042351.3(G6PD):c.-9+2T>G,single nucleotide variant,2539,G6PD,HGNC:4057,Pathogenic
155,1780154,NM_001042351.3(G6PD):c.-9+2T>G,single nucleotide variant,2539,G6PD,HGNC:4057,Pathogenic
156,1780158,NM_001360016.2(G6PD):c.916G>A (p.Gly306Ser),single nucleotide variant,2539,G6PD,HGNC:4057,Pathogenic
157,1780158,NM_001360016.2(G6PD):c.916G>A (p.Gly306Ser),single nucleotide variant,2539,G6PD,HGNC:4057,Pathogenic
158,1780160,NM_001360016.2(G6PD):c.31C>T (p.Gln11Ter),single nucleotide variant,2539,G6PD,HGNC:4057,Pathogenic
159,1780160,NM_001360016.2(G6PD):c.31C>T (p.Gln11Ter),single nucleotide variant,2539,G6PD,HGNC:4057,Pathogenic
160,1780161,NM_001360016.2(G6PD):c.130G>A (p.Ala44Thr),single nucleotide variant,2539,G6PD,HGNC:4057,Pathogenic
161,1780161,NM_001360016.2(G6PD):c.130G>A (p.Ala44Thr),single nucleotide variant,2539,G6PD,HGNC:4057,Pathogenic
162,1780167,NM_001360016.2(G6PD):c.519C>G (p.Phe173Leu),single nucleotide variant,2539,G6PD,HGNC:4057,Pathogenic
163,1780167,NM_001360016.2(G6PD):c.519C>G (p.Phe173Leu),single nucleotide variant,2539,G6PD,HGNC:4057,Pathogenic
164,1780168,NM_001360016.2(G6PD):c.536G>A (p.Ser179Asn),single nucleotide variant,2539,G6PD,HGNC:4057,Pathogenic
165,1780168,NM_001360016.2(G6PD):c.536G>A (p.Ser179Asn),single nucleotide variant,2539,G6PD,HGNC:4057,Pathogenic
166,1780173,NM_001360016.2(G6PD):c.713A>G (p.Lys238Arg),single nucleotide variant,2539,G6PD,HGNC:4057,Pathogenic
167,1780173,NM_001360016.2(G6PD):c.713A>G (p.Lys238Arg),single nucleotide variant,2539,G6PD,HGNC:4057,Pathogenic
168,1780174,NM_001360016.2(G6PD):c.770G>A (p.Arg257Gln),single nucleotide variant,2539,G6PD,HGNC:4057,Pathogenic
169,1780174,NM_001360016.2(G6PD):c.770G>A (p.Arg257Gln),single nucleotide variant,2539,G6PD,HGNC:4057,Pathogenic
170,1780175,NM_001360016.2(G6PD):c.827C>T (p.Pro276Leu),single nucleotide variant,2539,G6PD,HGNC:4057,Pathogenic
171,1780175,NM_001360016.2(G6PD):c.827C>T (p.Pro276Leu),single nucleotide variant,2539,G6PD,HGNC:4057,Pathogenic
172,1780176,NM_001360016.2(G6PD):c.848A>G (p.Asp283Gly),single nucleotide variant,2539,G6PD,HGNC:4057,Pathogenic
173,1780176,NM_001360016.2(G6PD):c.848A>G (p.Asp283Gly),single nucleotide variant,2539,G6PD,HGNC:4057,Pathogenic
174,1780179,NM_001360016.2(G6PD):c.1118T>C (p.Phe373Ser),single nucleotide variant,2539,G6PD,HGNC:4057,Pathogenic
175,1780179,NM_001360016.2(G6PD):c.1118T>C (p.Phe373Ser),single nucleotide variant,2539,G6PD,HGNC:4057,Pathogenic
176,1780180,NM_001360016.2(G6PD):c.1138A>G (p.Ile380Val),single nucleotide variant,2539,G6PD,HGNC:4057,Pathogenic
177,1780180,NM_001360016.2(G6PD):c.1138A>G (p.Ile380Val),single nucleotide variant,2539,G6PD,HGNC:4057,Pathogenic
178,1780182,NM_001360016.2(G6PD):c.1153T>G (p.Cys385Gly),single nucleotide variant,2539,G6PD,HGNC:4057,Pathogenic
179,1780182,NM_001360016.2(G6PD):c.1153T>G (p.Cys385Gly),single nucleotide variant,2539,G6PD,HGNC:4057,Pathogenic
180,1780183,NM_001360016.2(G6PD):c.1155C>G (p.Cys385Trp),single nucleotide variant,2539,G6PD,HGNC:4057,Pathogenic
181,1780183,NM_001360016.2(G6PD):c.1155C>G (p.Cys385Trp),single nucleotide variant,2539,G6PD,HGNC:4057,Pathogenic
182,1780184,NM_001360016.2(G6PD):c.1177C>G (p.Arg393Gly),single nucleotide variant,2539,G6PD,HGNC:4057,Pathogenic
183,1780184,NM_001360016.2(G6PD):c.1177C>G (p.Arg393Gly),single nucleotide variant,2539,G6PD,HGNC:4057,Pathogenic
184,1780185,NM_001360016.2(G6PD):c.1183C>T (p.Gln395Ter),single nucleotide variant,2539,G6PD,HGNC:4057,Pathogenic
185,1780185,NM_001360016.2(G6PD):c.1183C>T (p.Gln395Ter),single nucleotide variant,2539,G6PD,HGNC:4057,Pathogenic
186,1780186,NM_000402.4(G6PD):c.7C>T (p.Arg3Trp),single nucleotide variant,2539,G6PD,HGNC:4057,Likely pathogenic
187,1780186,NM_000402.4(G6PD):c.7C>T (p.Arg3Trp),single nucleotide variant,2539,G6PD,HGNC:4057,Likely pathogenic
188,1780187,NM_001360016.2(G6PD):c.1205C>A (p.Thr402Asn),single nucleotide variant,2539,G6PD,HGNC:4057,Pathogenic
189,1780187,NM_001360016.2(G6PD):c.1205C>A (p.Thr402Asn),single nucleotide variant,2539,G6PD,HGNC:4057,Pathogenic
190,1780188,NM_001360016.2(G6PD):c.1215G>A (p.Met405Ile),single nucleotide variant,2539,G6PD,HGNC:4057,Pathogenic
191,1780188,NM_001360016.2(G6PD):c.1215G>A (p.Met405Ile),single nucleotide variant,2539,G6PD,HGNC:4057,Pathogenic
192,1780189,NM_001360016.2(G6PD):c.1220A>C (p.Lys407Thr),single nucleotide variant,2539,G6PD,HGNC:4057,Pathogenic
193,1780189,NM_001360016.2(G6PD):c.1220A>C (p.Lys407Thr),single nucleotide variant,2539,G6PD,HGNC:4057,Pathogenic
194,1780190,NM_001360016.2(G6PD):c.1225C>T (p.Pro409Ser),single nucleotide variant,2539,G6PD,HGNC:4057,Pathogenic
195,1780190,NM_001360016.2(G6PD):c.1225C>T (p.Pro409Ser),single nucleotide variant,2539,G6PD,HGNC:4057,Pathogenic
196,1780191,NM_001360016.2(G6PD):c.1226C>A (p.Pro409Gln),single nucleotide variant,2539,G6PD,HGNC:4057,Pathogenic
197,1780191,NM_001360016.2(G6PD):c.1226C>A (p.Pro409Gln),single nucleotide variant,2539,G6PD,HGNC:4057,Pathogenic
198,1780192,NM_001360016.2(G6PD):c.1226C>G (p.Pro409Arg),single nucleotide variant,2539,G6PD,HGNC:4057,Pathogenic
199,1780192,NM_001360016.2(G6PD):c.1226C>G (p.Pro409Arg),single nucleotide variant,2539,G6PD,HGNC:4057,Pathogenic
200,1780194,NM_001360016.2(G6PD):c.1284C>A (p.Tyr428Ter),single nucleotide variant,2539,G6PD,HGNC:4057,Pathogenic
201,1780194,NM_001360016.2(G6PD):c.1284C>A (p.Tyr428Ter),single nucleotide variant,2539,G6PD,HGNC:4057,Pathogenic
202,1780195,NM_001360016.2(G6PD):c.7G>A (p.Glu3Lys),single nucleotide variant,2539,G6PD,HGNC:4057,Likely pathogenic
203,1780195,NM_001360016.2(G6PD):c.7G>A (p.Glu3Lys),single nucleotide variant,2539,G6PD,HGNC:4057,Likely pathogenic
204,1780197,NM_001360016.2(G6PD):c.1288-2A>T,single nucleotide variant,2539,G6PD,HGNC:4057,Pathogenic
205,1780197,NM_001360016.2(G6PD):c.1288-2A>T,single nucleotide variant,2539,G6PD,HGNC:4057,Pathogenic
206,1780198,NM_001360016.2(G6PD):c.1292T>G (p.Val431Gly),single nucleotide variant,2539,G6PD,HGNC:4057,Pathogenic
207,1780198,NM_001360016.2(G6PD):c.1292T>G (p.Val431Gly),single nucleotide variant,2539,G6PD,HGNC:4057,Pathogenic
208,1780199,NM_001360016.2(G6PD):c.34G>T (p.Val12Leu),single nucleotide variant,2539,G6PD,HGNC:4057,Likely pathogenic
209,1780199,NM_001360016.2(G6PD):c.34G>T (p.Val12Leu),single nucleotide variant,2539,G6PD,HGNC:4057,Likely pathogenic
210,1780200,NM_001360016.2(G6PD):c.1463G>T (p.Gly488Val),single nucleotide variant,2539,G6PD,HGNC:4057,Pathogenic
211,1780200,NM_001360016.2(G6PD):c.1463G>T (p.Gly488Val),single nucleotide variant,2539,G6PD,HGNC:4057,Pathogenic
212,1780204,NM_001360016.2(G6PD):c.94C>G (p.His32Asp),single nucleotide variant,2539,G6PD,HGNC:4057,Likely pathogenic
213,1780204,NM_001360016.2(G6PD):c.94C>G (p.His32Asp),single nucleotide variant,2539,G6PD,HGNC:4057,Likely pathogenic
214,1780206,NM_001360016.2(G6PD):c.595A>G (p.Ile199Val),single nucleotide variant,2539,G6PD,HGNC:4057,Pathogenic
215,1780206,NM_001360016.2(G6PD):c.595A>G (p.Ile199Val),single nucleotide variant,2539,G6PD,HGNC:4057,Pathogenic
216,1780211,NM_001360016.2(G6PD):c.148C>T (p.Pro50Ser),single nucleotide variant,2539,G6PD,HGNC:4057,Likely pathogenic
217,1780211,NM_001360016.2(G6PD):c.148C>T (p.Pro50Ser),single nucleotide variant,2539,G6PD,HGNC:4057,Likely pathogenic
218,1780213,NM_001360016.2(G6PD):c.179T>C (p.Leu60Pro),single nucleotide variant,2539,G6PD,HGNC:4057,Likely pathogenic
219,1780213,NM_001360016.2(G6PD):c.179T>C (p.Leu60Pro),single nucleotide variant,2539,G6PD,HGNC:4057,Likely pathogenic
220,1780214,NM_001360016.2(G6PD):c.185C>A (p.Pro62His),single nucleotide variant,2539,G6PD,HGNC:4057,Likely pathogenic
221,1780214,NM_001360016.2(G6PD):c.185C>A (p.Pro62His),single nucleotide variant,2539,G6PD,HGNC:4057,Likely pathogenic
222,1780215,NM_001360016.2(G6PD):c.185C>T (p.Pro62Leu),single nucleotide variant,2539,G6PD,HGNC:4057,Likely pathogenic
223,1780215,NM_001360016.2(G6PD):c.185C>T (p.Pro62Leu),single nucleotide variant,2539,G6PD,HGNC:4057,Likely pathogenic
224,1780217,NM_001360016.2(G6PD):c.197T>G (p.Phe66Cys),single nucleotide variant,2539,G6PD,HGNC:4057,Likely pathogenic
225,1780217,NM_001360016.2(G6PD):c.197T>G (p.Phe66Cys),single nucleotide variant,2539,G6PD,HGNC:4057,Likely pathogenic
226,1780218,NM_001360016.2(G6PD):c.219C>T (p.Ser73=),single nucleotide variant,2539,G6PD,HGNC:4057,Likely pathogenic
227,1780218,NM_001360016.2(G6PD):c.219C>T (p.Ser73=),single nucleotide variant,2539,G6PD,HGNC:4057,Likely pathogenic
228,1780220,NM_001360016.2(G6PD):c.224T>C (p.Leu75Pro),single nucleotide variant,2539,G6PD,HGNC:4057,Likely pathogenic
229,1780220,NM_001360016.2(G6PD):c.224T>C (p.Leu75Pro),single nucleotide variant,2539,G6PD,HGNC:4057,Likely pathogenic
230,1780222,NM_001360016.2(G6PD):c.274C>T (p.Pro92Ser),single nucleotide variant,2539,G6PD,HGNC:4057,Likely pathogenic
231,1780222,NM_001360016.2(G6PD):c.274C>T (p.Pro92Ser),single nucleotide variant,2539,G6PD,HGNC:4057,Likely pathogenic
232,1780223,NM_001360016.2(G6PD):c.290A>T (p.Lys97Met),single nucleotide variant,2539,G6PD,HGNC:4057,Likely pathogenic
233,1780223,NM_001360016.2(G6PD):c.290A>T (p.Lys97Met),single nucleotide variant,2539,G6PD,HGNC:4057,Likely pathogenic
234,1780224,NM_001360016.2(G6PD):c.312C>T (p.Arg104=),single nucleotide variant,2539,G6PD,HGNC:4057,Likely pathogenic
235,1780224,NM_001360016.2(G6PD):c.312C>T (p.Arg104=),single nucleotide variant,2539,G6PD,HGNC:4057,Likely pathogenic
236,1780225,NM_001360016.2(G6PD):c.352T>C (p.Tyr118His),single nucleotide variant,2539,G6PD,HGNC:4057,Likely pathogenic
237,1780225,NM_001360016.2(G6PD):c.352T>C (p.Tyr118His),single nucleotide variant,2539,G6PD,HGNC:4057,Likely pathogenic
238,1780226,NM_001360016.2(G6PD):c.356A>C (p.Gln119Pro),single nucleotide variant,2539,G6PD,HGNC:4057,Likely pathogenic
239,1780226,NM_001360016.2(G6PD):c.356A>C (p.Gln119Pro),single nucleotide variant,2539,G6PD,HGNC:4057,Likely pathogenic
240,1780227,NM_001360016.2(G6PD):c.371A>G (p.His124Arg),single nucleotide variant,2539,G6PD,HGNC:4057,Likely pathogenic
241,1780227,NM_001360016.2(G6PD):c.371A>G (p.His124Arg),single nucleotide variant,2539,G6PD,HGNC:4057,Likely pathogenic
242,1780231,NM_001360016.2(G6PD):c.409C>T (p.Leu137Phe),single nucleotide variant,2539,G6PD,HGNC:4057,Likely pathogenic
243,1780231,NM_001360016.2(G6PD):c.409C>T (p.Leu137Phe),single nucleotide variant,2539,G6PD,HGNC:4057,Likely pathogenic
244,1780232,NM_001360016.2(G6PD):c.442G>A (p.Glu148Lys),single nucleotide variant,2539,G6PD,HGNC:4057,Likely pathogenic
245,1780232,NM_001360016.2(G6PD):c.442G>A (p.Glu148Lys),single nucleotide variant,2539,G6PD,HGNC:4057,Likely pathogenic
246,1780233,NM_001360016.2(G6PD):c.473G>A (p.Cys158Tyr),single nucleotide variant,2539,G6PD,HGNC:4057,Likely pathogenic
247,1780233,NM_001360016.2(G6PD):c.473G>A (p.Cys158Tyr),single nucleotide variant,2539,G6PD,HGNC:4057,Likely pathogenic
248,1780235,NM_001360016.2(G6PD):c.486-17C>T,single nucleotide variant,2539,G6PD,HGNC:4057,Likely pathogenic
249,1780235,NM_001360016.2(G6PD):c.486-17C>T,single nucleotide variant,2539,G6PD,HGNC:4057,Likely pathogenic
250,1780237,NM_001360016.2(G6PD):c.488G>A (p.Gly163Asp),single nucleotide variant,2539,G6PD,HGNC:4057,Likely pathogenic
251,1780237,NM_001360016.2(G6PD):c.488G>A (p.Gly163Asp),single nucleotide variant,2539,G6PD,HGNC:4057,Likely pathogenic
252,1780238,NM_001360016.2(G6PD):c.496C>T (p.Arg166Cys),single nucleotide variant,2539,G6PD,HGNC:4057,Pathogenic
253,1780238,NM_001360016.2(G6PD):c.496C>T (p.Arg166Cys),single nucleotide variant,2539,G6PD,HGNC:4057,Pathogenic
254,1780240,NM_001360016.2(G6PD):c.514C>T (p.Pro172Ser),single nucleotide variant,2539,G6PD,HGNC:4057,Likely pathogenic
255,1780240,NM_001360016.2(G6PD):c.514C>T (p.Pro172Ser),single nucleotide variant,2539,G6PD,HGNC:4057,Likely pathogenic
256,1780242,NM_001360016.2(G6PD):c.527A>G (p.Asp176Gly),single nucleotide variant,2539,G6PD,HGNC:4057,Likely pathogenic
257,1780242,NM_001360016.2(G6PD):c.527A>G (p.Asp176Gly),single nucleotide variant,2539,G6PD,HGNC:4057,Likely pathogenic
258,1780244,NM_001360016.2(G6PD):c.573C>G (p.Phe191Leu),single nucleotide variant,2539,G6PD,HGNC:4057,Likely pathogenic
259,1780244,NM_001360016.2(G6PD):c.573C>G (p.Phe191Leu),single nucleotide variant,2539,G6PD,HGNC:4057,Likely pathogenic
260,1780245,NM_001360016.2(G6PD):c.585G>C (p.Gln195His),single nucleotide variant,2539,G6PD,HGNC:4057,Pathogenic
261,1780245,NM_001360016.2(G6PD):c.585G>C (p.Gln195His),single nucleotide variant,2539,G6PD,HGNC:4057,Pathogenic
262,1780246,NM_001360016.2(G6PD):c.586A>T (p.Ile196Phe),single nucleotide variant,2539,G6PD,HGNC:4057,Likely pathogenic
263,1780246,NM_001360016.2(G6PD):c.586A>T (p.Ile196Phe),single nucleotide variant,2539,G6PD,HGNC:4057,Likely pathogenic
264,1780247,NM_001360016.2(G6PD):c.592C>A (p.Arg198Ser),single nucleotide variant,2539,G6PD,HGNC:4057,Likely pathogenic
265,1780247,NM_001360016.2(G6PD):c.592C>A (p.Arg198Ser),single nucleotide variant,2539,G6PD,HGNC:4057,Likely pathogenic
266,1780248,NM_001360016.2(G6PD):c.598G>A (p.Asp200Asn),single nucleotide variant,2539,G6PD,HGNC:4057,Likely pathogenic
267,1780248,NM_001360016.2(G6PD):c.598G>A (p.Asp200Asn),single nucleotide variant,2539,G6PD,HGNC:4057,Likely pathogenic
268,1780252,NM_001360016.2(G6PD):c.691G>C (p.Ala231Pro),single nucleotide variant,2539,G6PD,HGNC:4057,Likely pathogenic
269,1780252,NM_001360016.2(G6PD):c.691G>C (p.Ala231Pro),single nucleotide variant,2539,G6PD,HGNC:4057,Likely pathogenic
270,1780253,NM_001360016.2(G6PD):c.695G>A (p.Cys232Tyr),single nucleotide variant,2539,G6PD,HGNC:4057,Likely pathogenic
271,1780253,NM_001360016.2(G6PD):c.695G>A (p.Cys232Tyr),single nucleotide variant,2539,G6PD,HGNC:4057,Likely pathogenic
272,1780254,NM_001360016.2(G6PD):c.697G>C (p.Val233Leu),single nucleotide variant,2539,G6PD,HGNC:4057,Likely pathogenic
273,1780254,NM_001360016.2(G6PD):c.697G>C (p.Val233Leu),single nucleotide variant,2539,G6PD,HGNC:4057,Likely pathogenic
274,1780257,NM_001360016.2(G6PD):c.737G>T (p.Arg246Leu),single nucleotide variant,2539,G6PD,HGNC:4057,Likely pathogenic
275,1780257,NM_001360016.2(G6PD):c.737G>T (p.Arg246Leu),single nucleotide variant,2539,G6PD,HGNC:4057,Likely pathogenic
276,1780259,NM_001360016.2(G6PD):c.743G>A (p.Gly248Asp),single nucleotide variant,2539,G6PD,HGNC:4057,Likely pathogenic
277,1780259,NM_001360016.2(G6PD):c.743G>A (p.Gly248Asp),single nucleotide variant,2539,G6PD,HGNC:4057,Likely pathogenic
278,1780261,NM_001360016.2(G6PD):c.770G>T (p.Arg257Leu),single nucleotide variant,2539,G6PD,HGNC:4057,Likely pathogenic
279,1780261,NM_001360016.2(G6PD):c.770G>T (p.Arg257Leu),single nucleotide variant,2539,G6PD,HGNC:4057,Likely pathogenic
280,1780262,NM_001360016.2(G6PD):c.811G>C (p.Val271Leu),single nucleotide variant,2539,G6PD,HGNC:4057,Likely pathogenic
281,1780262,NM_001360016.2(G6PD):c.811G>C (p.Val271Leu),single nucleotide variant,2539,G6PD,HGNC:4057,Likely pathogenic
282,1780263,NM_001360016.2(G6PD):c.820G>A (p.Glu274Lys),single nucleotide variant,2539,G6PD,HGNC:4057,Likely pathogenic
283,1780263,NM_001360016.2(G6PD):c.820G>A (p.Glu274Lys),single nucleotide variant,2539,G6PD,HGNC:4057,Likely pathogenic
284,1780264,NM_001360016.2(G6PD):c.821A>T (p.Glu274Val),single nucleotide variant,2539,G6PD,HGNC:4057,Likely pathogenic
285,1780264,NM_001360016.2(G6PD):c.821A>T (p.Glu274Val),single nucleotide variant,2539,G6PD,HGNC:4057,Likely pathogenic
286,2402154,NM_001360016.2(G6PD):c.412T>G (p.Phe138Val),single nucleotide variant,2539,G6PD,HGNC:4057,Likely pathogenic
287,2402154,NM_001360016.2(G6PD):c.412T>G (p.Phe138Val),single nucleotide variant,2539,G6PD,HGNC:4057,Likely pathogenic
288,2669010,NM_001360016.2(G6PD):c.1388G>T (p.Arg463Leu),single nucleotide variant,2539,G6PD,HGNC:4057,Pathogenic
289,2669010,NM_001360016.2(G6PD):c.1388G>T (p.Arg463Leu),single nucleotide variant,2539,G6PD,HGNC:4057,Pathogenic
290,2795604,NM_001360016.2(G6PD):c.655A>G (p.Arg219Gly),single nucleotide variant,2539,G6PD,HGNC:4057,Likely pathogenic
291,2795604,NM_001360016.2(G6PD):c.655A>G (p.Arg219Gly),single nucleotide variant,2539,G6PD,HGNC:4057,Likely pathogenic
292,2860440,NM_001360016.2(G6PD):c.464A>C (p.His155Pro),single nucleotide variant,2539,G6PD,HGNC:4057,Likely pathogenic
293,2860440,NM_001360016.2(G6PD):c.464A>C (p.His155Pro),single nucleotide variant,2539,G6PD,HGNC:4057,Likely pathogenic
294,3045310,NM_001360016.2(G6PD):c.1346A>G (p.Gln449Arg),single nucleotide variant,2539,G6PD,HGNC:4057,Likely pathogenic
295,3045310,NM_001360016.2(G6PD):c.1346A>G (p.Gln449Arg),single nucleotide variant,2539,G6PD,HGNC:4057,Likely pathogenic
296,3498774,NM_001360016.2(G6PD):c.691G>A (p.Ala231Thr),single nucleotide variant,2539,G6PD,HGNC:4057,Likely pathogenic
297,3498774,NM_001360016.2(G6PD):c.691G>A (p.Ala231Thr),single nucleotide variant,2539,G6PD,HGNC:4057,Likely pathogenic
298,3498775,NM_001360016.2(G6PD):c.946G>A (p.Gly316Ser),single nucleotide variant,2539,G6PD,HGNC:4057,Likely pathogenic
299,3498775,NM_001360016.2(G6PD):c.946G>A (p.Gly316Ser),single nucleotide variant,2539,G6PD,HGNC:4057,Likely pathogenic
300,3498776,NM_001360016.2(G6PD):c.962G>T (p.Gly321Val),single nucleotide variant,2539,G6PD,HGNC:4057,Likely pathogenic
301,3498776,NM_001360016.2(G6PD):c.962G>T (p.Gly321Val),single nucleotide variant,2539,G6PD,HGNC:4057,Likely pathogenic
302,3498777,NM_001360016.2(G6PD):c.982G>A (p.Val328Met),single nucleotide variant,2539,G6PD,HGNC:4057,Likely pathogenic
303,3498777,NM_001360016.2(G6PD):c.982G>A (p.Val328Met),single nucleotide variant,2539,G6PD,HGNC:4057,Likely pathogenic
304,3498780,NM_001360016.2(G6PD):c.1438A>T (p.Ile480Phe),single nucleotide variant,2539,G6PD,HGNC:4057,Likely pathogenic
305,3498780,NM_001360016.2(G6PD):c.1438A>T (p.Ile480Phe),single nucleotide variant,2539,G6PD,HGNC:4057,Likely pathogenic
306,3498781,NM_001360016.2(G6PD):c.49C>T (p.Arg17Trp),single nucleotide variant,2539,G6PD,HGNC:4057,Likely pathogenic
307,3498781,NM_001360016.2(G6PD):c.49C>T (p.Arg17Trp),single nucleotide variant,2539,G6PD,HGNC:4057,Likely pathogenic
308,3498783,NM_001360016.2(G6PD):c.354C>G (p.Tyr118Ter),single nucleotide variant,2539,G6PD,HGNC:4057,Pathogenic
309,3498783,NM_001360016.2(G6PD):c.354C>G (p.Tyr118Ter),single nucleotide variant,2539,G6PD,HGNC:4057,Pathogenic
310,3498784,NM_001360016.2(G6PD):c.551C>G (p.Ser184Cys),single nucleotide variant,2539,G6PD,HGNC:4057,Pathogenic
311,3498784,NM_001360016.2(G6PD):c.551C>G (p.Ser184Cys),single nucleotide variant,2539,G6PD,HGNC:4057,Pathogenic
312,3498785,NM_001360016.2(G6PD):c.430C>G (p.Pro144Ala),single nucleotide variant,2539,G6PD,HGNC:4057,Likely pathogenic
313,3498785,NM_001360016.2(G6PD):c.430C>G (p.Pro144Ala),single nucleotide variant,2539,G6PD,HGNC:4057,Likely pathogenic
314,3729681,NM_001360016.2(G6PD):c.679C>G (p.Arg227Gly),single nucleotide variant,2539,G6PD,HGNC:4057,Likely pathogenic
315,3729681,NM_001360016.2(G6PD):c.679C>G (p.Arg227Gly),single nucleotide variant,2539,G6PD,HGNC:4057,Likely pathogenic
316,3801014,NM_001360016.2(G6PD):c.403A>C (p.Asn135His),single nucleotide variant,2539,G6PD,HGNC:4057,Likely pathogenic
317,3801014,NM_001360016.2(G6PD):c.403A>C (p.Asn135His),single nucleotide variant,2539,G6PD,HGNC:4057,Likely pathogenic
318,3853291,NM_001360016.2(G6PD):c.404A>G (p.Asn135Ser),single nucleotide variant,2539,G6PD,HGNC:4057,Likely pathogenic
319,3853291,NM_001360016.2(G6PD):c.404A>G (p.Asn135Ser),single nucleotide variant,2539,G6PD,HGNC:4057,Likely pathogenic
320,3887663,NM_001360016.2(G6PD):c.1442C>T (p.Pro481Leu),single nucleotide variant,2539,G6PD,HGNC:4057,Likely pathogenic
321,3887663,NM_001360016.2(G6PD):c.1442C>T (p.Pro481Leu),single nucleotide variant,2539,G6PD,HGNC:4057,Likely pathogenic
322,4186191,NM_001360016.2(G6PD):c.404A>T (p.Asn135Ile),single nucleotide variant,2539,G6PD,HGNC:4057,Likely pathogenic
323,4186191,NM_001360016.2(G6PD):c.404A>T (p.Asn135Ile),single nucleotide variant,2539,G6PD,HGNC:4057,Likely pathogenic
324,4597638,NM_001360016.2(G6PD):c.1175T>G (p.Ile392Ser),single nucleotide variant,2539,G6PD,HGNC:4057,Likely pathogenic
325,4597638,NM_001360016.2(G6PD):c.1175T>G (p.Ile392Ser),single nucleotide variant,2539,G6PD,HGNC:4057,Likely pathogenic
326,4830999,NM_001360016.2(G6PD):c.1141T>A (p.Phe381Ile),single nucleotide variant,2539,G6PD,HGNC:4057,Likely pathogenic
327,4830999,NM_001360016.2(G6PD):c.1141T>A (p.Phe381Ile),single nucleotide variant,2539,G6PD,HGNC:4057,Likely pathogenic
328,4840700,NM_001360016.2(G6PD):c.82C>T (p.Gln28Ter),single nucleotide variant,2539,G6PD,HGNC:4057,Pathogenic
329,4840700,NM_001360016.2(G6PD):c.82C>T (p.Gln28Ter),single nucleotide variant,2539,G6PD,HGNC:4057,Pathogenic
330,4855966,NM_001360016.2(G6PD):c.1334T>C (p.Phe445Ser),single nucleotide variant,2539,G6PD,HGNC:4057,Likely pathogenic
331,4855966,NM_001360016.2(G6PD):c.1334T>C (p.Phe445Ser),single nucleotide variant,2539,G6PD,HGNC:4057,Likely pathogenic
